NumRun,TimeMs
0,10660.932302474976
1,10673.39563369751
2,10618.568897247314
