NumRun,TimeMs
0,6593.784332275391
1,6582.8857421875
2,6580.325603485107
