NumRun,TimeMs
0,4537.736415863037
1,4537.9955768585205
2,4540.643215179443
