NumRun,TimeMs
0,8614.44091796875
1,8583.341598510742
2,8603.570699691772
