NumRun,TimeMs
0,2525.998830795288
1,2545.443058013916
2,2510.8819007873535
