NumRun,TimeMs
0,29438.560485839844
1,29443.230152130127
2,29670.676469802856
