NumRun,TimeMs
0,34458.48345756531
1,34422.33681678772
2,34602.06413269043
