NumRun,TimeMs
0,27407.607078552246
1,27721.986770629883
2,27068.79687309265
