NumRun,TimeMs
0,24839.646816253662
1,24712.533235549927
2,24416.009426116943
