NumRun,TimeMs
0,32522.364377975464
1,31858.948945999146
2,31903.536796569824
