NumRun,TimeMs
0,18146.985292434692
1,18202.609300613403
2,18134.520053863525
