NumRun,TimeMs
0,18241.716623306274
1,18182.36255645752
2,18205.14941215515
