NumRun,TimeMs
0,8325.551509857178
1,8572.035551071167
2,8328.938722610474
