NumRun,TimeMs
0,8356.161117553711
1,8369.23336982727
2,8308.336973190308
