NumRun,TimeMs
0,13208.562135696411
1,13157.151460647583
2,13278.568506240845
