NumRun,TimeMs
0,15781.464338302612
1,15961.612939834595
2,15759.44185256958
