NumRun,TimeMs
0,10685.306549072266
1,10829.867124557495
2,10749.576568603516
