NumRun,TimeMs
0,13205.305814743042
1,13260.387182235718
2,13148.014545440674
