NumRun,TimeMs
0,11048.368215560913
1,10811.701774597168
2,10778.206825256348
