NumRun,TimeMs
0,15699.374675750732
1,15687.171220779419
2,15669.55542564392
