NumRun,TimeMs
0,2581.5320014953613
1,2625.267505645752
2,2586.5089893341064
3,2719.658136367798
