NumRun,TimeMs
0,1496.1514472961426
1,1500.9911060333252
2,1514.6429538726807
