NumRun,TimeMs
0,5506.875991821289
1,5507.275581359863
2,5506.145000457764
3,5515.156269073486
4,5515.767335891724
5,5523.603200912476
6,5512.570381164551
7,5529.362678527832
8,5531.171798706055
9,5514.062881469727
