NumRun,TimeMs
0,212.72778511047363
1,315.0160312652588
2,184.21149253845215
3,181.9295883178711
4,209.1376781463623
5,184.1590404510498
