NumRun,TimeMs
0,296.8430519104004
1,283.71262550354004
2,291.70680046081543
3,281.8751335144043
4,309.16810035705566
5,284.3003273010254
6,275.71725845336914
7,276.1988639831543
8,273.6799716949463
9,274.80030059814453
