NumRun,TimeMs
0,9134.257793426514
1,9152.383089065552
2,9023.210287094116
3,9084.36894416809
4,9079.636573791504
5,9124.410629272461
6,9054.849624633789
7,9201.126098632812
8,9051.451206207275
9,8995.34273147583
