NumRun,TimeMs
0,1896.745204925537
1,1904.4873714447021
2,1904.2012691497803
3,1898.3654975891113
