NumRun,TimeMs
0,1867.2645092010498
3,1876.8072128295898
4,1946.8891620635986
5,1874.1061687469482
