NumRun,TimeMs
0,185.32037734985352
NumRun,TimeMs
0,185.9726905822754
