NumRun,TimeMs
0,5500.302076339722
1,162.5661849975586
2,5346.099376678467
3,162.9319190979004
4,5550.532341003418
5,161.7562770843506
6,162.93859481811523
7,163.22612762451172
8,5372.070789337158
9,163.12003135681152
