NumRun,TimeMs
0,9011.045455932617
1,8954.242944717407
2,9031.240701675415
3,9097.04566001892
4,8994.985103607178
5,8920.285701751709
6,9001.19686126709
7,8987.346172332764
8,8998.713493347168
9,9052.042245864868
