NumRun,TimeMs
0,5590.254545211792
1,5529.88076210022
2,5557.906627655029
3,5548.543691635132
4,5636.368274688721
5,5720.977783203125
6,5631.187915802002
7,5534.778594970703
8,5665.27795791626
9,5537.836074829102
