NumRun,TimeMs
0,183.0763816833496
1,163.5427474975586
2,163.99621963500977
3,187.06250190734863
4,185.03069877624512
5,163.2533073425293
6,163.40875625610352
7,164.78753089904785
8,163.36965560913086
9,163.67363929748535
