NumRun,TimeMs
0,5563.884258270264
1,5600.977420806885
2,5598.0634689331055
3,5495.362043380737
4,5556.119441986084
5,5471.668720245361
6,5459.04016494751
7,5532.850503921509
8,5448.087453842163
9,5459.05613899231
