NumRun,TimeMs
0,3327.0673751831055
1,3314.0618801116943
2,3357.686996459961
